Brinco,Peso,Leite,Date
1,708.02,37.13,2021-01-01
1,749.95,31.4,2021-01-02
1,706.28,36.69,2021-01-03
1,730.39,36.71,2021-01-04
1,742.61,33.22,2021-01-05
1,778.57,42.25,2021-01-06
1,760.87,34.64,2021-01-07
1,722.54,30.14,2021-01-08
1,773.23,29.23,2021-01-09
1,761.88,43.23,2021-01-10
1,702.69,25.89,2021-01-11
1,731.49,42.13,2021-01-12
1,769.71,30.96,2021-01-13
1,794.76,40.21,2021-01-14
1,774.59,34.53,2021-01-15
1,781.26,39.33,2021-01-16
1,738.56,34.34,2021-01-17
1,723.68,37.15,2021-01-18
1,710.65,43.53,2021-01-19
1,701.75,37.62,2021-01-20
1,720.24,42.95,2021-01-21
1,771.68,26.73,2021-01-22
1,769.63,41.08,2021-01-23
1,730.99,40.02,2021-01-24
1,705.33,36.76,2021-01-25
1,721.3,31.14,2021-01-26
1,788.47,41.83,2021-01-27
1,738.81,30.38,2021-01-28
1,714.93,25.01,2021-01-29
1,789.37,26.36,2021-01-30
1,766.46,32.32,2021-01-31
1,765.14,32.7,2021-02-01
1,743.44,34.42,2021-02-02
1,740.17,30.64,2021-02-03
1,755.94,25.54,2021-02-04
1,729.38,25.03,2021-02-05
1,763.55,28.27,2021-02-06
1,723.09,34.67,2021-02-07
1,769.61,38.22,2021-02-08
1,729.26,38.18,2021-02-09
1,734.4,29.68,2021-02-10
1,751.02,30.08,2021-02-11
1,791.21,34.33,2021-02-12
1,711.22,42.97,2021-02-13
1,728.71,44.1,2021-02-14
1,784.8,37.81,2021-02-15
1,707.45,27.1,2021-02-16
1,782.2,42.06,2021-02-17
1,736.09,31.18,2021-02-18
1,727.97,44.78,2021-02-19
1,795.94,25.94,2021-02-20
1,708.94,30.74,2021-02-21
1,795.28,36.14,2021-02-22
1,769.89,26.51,2021-02-23
1,701.92,43.3,2021-02-24
1,794.23,29.07,2021-02-25
1,744.05,40.22,2021-02-26
1,728.52,26.32,2021-02-27
1,781.8,44.99,2021-02-28
1,730.2,32.4,2021-03-01
1,798.41,29.32,2021-03-02
1,748.3,30.99,2021-03-03
1,721.45,37.79,2021-03-04
1,778.42,42.32,2021-03-05
1,781.36,38.8,2021-03-06
1,726.74,35.81,2021-03-07
1,721.52,41.66,2021-03-08
1,794.7,43.37,2021-03-09
1,798.19,33.1,2021-03-10
1,704.27,44.73,2021-03-11
1,791.19,36.52,2021-03-12
1,711.25,42.87,2021-03-13
1,797.31,34.12,2021-03-14
1,716.27,44.18,2021-03-15
1,789.5,31.6,2021-03-16
1,792.8,44.51,2021-03-17
1,715.76,39.52,2021-03-18
1,752.08,25.53,2021-03-19
1,708.2,26.15,2021-03-20
1,726.68,40.59,2021-03-21
1,719.97,36.74,2021-03-22
1,758.52,32.18,2021-03-23
1,747.08,37.75,2021-03-24
1,742.07,26.42,2021-03-25
1,742.28,41.48,2021-03-26
1,792.09,37.07,2021-03-27
1,782.68,44.53,2021-03-28
1,716.72,30.66,2021-03-29
1,787.91,36.6,2021-03-30
1,710.67,40.21,2021-03-31
1,793.22,37.46,2021-04-01
1,779.19,38.82,2021-04-02
1,759.76,37.83,2021-04-03
1,731.61,36.6,2021-04-04
1,780.09,25.06,2021-04-05
1,778.11,44.72,2021-04-06
1,733.7,40.18,2021-04-07
1,770.06,26.87,2021-04-08
1,729.2,37.98,2021-04-09
1,701.23,43.63,2021-04-10
1,749.05,40.67,2021-04-11
1,780.54,36.12,2021-04-12
1,755.48,36.08,2021-04-13
1,772.04,36.49,2021-04-14
1,767.69,32.86,2021-04-15
1,700.93,44.97,2021-04-16
1,709.31,43.31,2021-04-17
1,792.14,37.54,2021-04-18
1,779.02,30.26,2021-04-19
1,740.99,36.1,2021-04-20
1,775.04,44.24,2021-04-21
1,729.69,36.49,2021-04-22
1,796.21,25.17,2021-04-23
1,738.79,41.58,2021-04-24
1,744.29,38.63,2021-04-25
1,730.75,37.17,2021-04-26
1,787.27,33.56,2021-04-27
1,771.14,28.2,2021-04-28
1,720.79,42.04,2021-04-29
1,731.32,31.7,2021-04-30
1,746.81,40.3,2021-05-01
1,756.99,32.41,2021-05-02
1,787.2,31.27,2021-05-03
1,768.18,28.7,2021-05-04
1,719.31,32.1,2021-05-05
1,780.31,26.28,2021-05-06
1,744.92,33.29,2021-05-07
1,713.43,25.53,2021-05-08
1,705.91,41.56,2021-05-09
1,770.66,27.72,2021-05-10
1,782.48,33.94,2021-05-11
1,701.18,37.55,2021-05-12
1,753.0,43.45,2021-05-13
1,739.37,41.91,2021-05-14
1,769.55,37.61,2021-05-15
1,764.28,36.38,2021-05-16
1,713.0,31.38,2021-05-17
1,764.14,28.05,2021-05-18
1,757.92,44.57,2021-05-19
1,710.63,42.6,2021-05-20
1,770.03,41.86,2021-05-21
1,776.11,41.41,2021-05-22
1,747.11,31.0,2021-05-23
1,725.44,32.12,2021-05-24
1,779.45,37.74,2021-05-25
1,760.74,27.09,2021-05-26
1,758.85,43.29,2021-05-27
1,706.59,39.75,2021-05-28
1,775.7,28.16,2021-05-29
1,767.08,36.03,2021-05-30
1,760.05,36.55,2021-05-31
1,771.93,31.05,2021-06-01
1,724.27,34.81,2021-06-02
1,794.71,32.94,2021-06-03
1,713.35,35.8,2021-06-04
1,741.62,41.2,2021-06-05
1,730.97,40.51,2021-06-06
1,751.53,27.86,2021-06-07
1,742.81,32.19,2021-06-08
1,758.28,43.38,2021-06-09
1,739.07,26.12,2021-06-10
1,752.49,26.39,2021-06-11
1,728.87,25.5,2021-06-12
1,755.19,27.12,2021-06-13
1,789.06,26.59,2021-06-14
1,785.52,27.5,2021-06-15
1,745.92,41.82,2021-06-16
1,794.66,28.56,2021-06-17
1,714.7,30.04,2021-06-18
1,723.12,44.37,2021-06-19
1,784.89,39.14,2021-06-20
1,789.46,29.2,2021-06-21
1,785.27,38.46,2021-06-22
1,778.9,28.11,2021-06-23
1,760.92,41.61,2021-06-24
1,724.52,35.8,2021-06-25
1,718.47,36.62,2021-06-26
1,793.68,39.68,2021-06-27
1,717.74,35.46,2021-06-28
1,766.06,39.15,2021-06-29
1,766.43,37.03,2021-06-30
1,795.8,35.99,2021-07-01
1,781.68,39.67,2021-07-02
1,775.52,40.68,2021-07-03
1,752.62,25.91,2021-07-04
1,712.01,25.53,2021-07-05
1,795.59,40.37,2021-07-06
1,744.19,29.89,2021-07-07
1,705.95,43.88,2021-07-08
1,704.65,41.98,2021-07-09
1,740.81,25.01,2021-07-10
1,727.98,39.34,2021-07-11
1,716.46,43.11,2021-07-12
1,721.42,44.53,2021-07-13
1,754.83,34.65,2021-07-14
1,708.61,42.91,2021-07-15
1,715.26,30.75,2021-07-16
1,700.37,25.64,2021-07-17
1,734.0,43.04,2021-07-18
1,785.47,26.9,2021-07-19
1,746.52,25.81,2021-07-20
1,744.99,40.08,2021-07-21
1,791.4,27.24,2021-07-22
1,721.38,33.94,2021-07-23
1,736.49,39.51,2021-07-24
1,701.44,31.5,2021-07-25
1,745.95,33.37,2021-07-26
1,785.47,40.01,2021-07-27
1,736.62,39.62,2021-07-28
1,725.71,29.65,2021-07-29
1,732.74,44.99,2021-07-30
1,761.19,30.95,2021-07-31
1,728.56,41.75,2021-08-01
1,707.92,41.96,2021-08-02
1,727.82,26.36,2021-08-03
1,729.09,44.72,2021-08-04
1,774.73,28.11,2021-08-05
1,733.1,29.54,2021-08-06
1,774.29,32.55,2021-08-07
1,719.3,34.83,2021-08-08
1,716.52,43.99,2021-08-09
1,737.62,42.52,2021-08-10
1,745.93,43.83,2021-08-11
1,732.46,33.55,2021-08-12
1,746.09,32.64,2021-08-13
1,791.89,36.56,2021-08-14
1,770.47,39.87,2021-08-15
1,733.25,28.48,2021-08-16
1,774.34,33.57,2021-08-17
1,752.94,43.46,2021-08-18
1,797.28,29.17,2021-08-19
1,721.0,33.96,2021-08-20
1,796.31,25.72,2021-08-21
1,776.11,25.67,2021-08-22
1,704.29,36.52,2021-08-23
1,729.75,42.18,2021-08-24
1,778.11,40.41,2021-08-25
1,721.71,42.63,2021-08-26
1,766.39,25.19,2021-08-27
1,727.28,34.58,2021-08-28
1,728.13,27.96,2021-08-29
1,707.98,44.72,2021-08-30
1,717.07,43.67,2021-08-31
1,700.14,44.88,2021-09-01
1,764.76,30.14,2021-09-02
1,752.87,43.67,2021-09-03
1,780.45,28.97,2021-09-04
1,722.87,34.87,2021-09-05
1,746.91,28.32,2021-09-06
1,710.44,36.47,2021-09-07
1,762.71,36.34,2021-09-08
1,786.28,38.14,2021-09-09
1,784.45,27.77,2021-09-10
1,740.28,39.36,2021-09-11
1,763.63,32.86,2021-09-12
1,758.09,25.87,2021-09-13
1,738.23,33.75,2021-09-14
1,727.31,33.15,2021-09-15
1,741.56,39.5,2021-09-16
1,712.45,33.79,2021-09-17
1,721.58,43.29,2021-09-18
1,723.45,26.61,2021-09-19
1,762.18,32.04,2021-09-20
1,778.54,30.67,2021-09-21
1,716.28,42.13,2021-09-22
1,767.97,35.78,2021-09-23
1,706.5,31.63,2021-09-24
1,750.72,37.41,2021-09-25
1,712.54,34.42,2021-09-26
1,768.34,40.06,2021-09-27
1,711.66,27.0,2021-09-28
1,794.74,25.15,2021-09-29
1,748.57,28.64,2021-09-30
1,799.41,35.89,2021-10-01
1,740.5,28.95,2021-10-02
1,753.12,36.28,2021-10-03
1,792.05,31.14,2021-10-04
1,764.98,44.63,2021-10-05
1,778.99,38.24,2021-10-06
1,779.49,39.37,2021-10-07
1,713.72,33.59,2021-10-08
1,777.84,35.46,2021-10-09
1,738.56,26.81,2021-10-10
1,720.85,34.2,2021-10-11
1,798.08,31.28,2021-10-12
1,734.15,44.31,2021-10-13
1,787.03,32.99,2021-10-14
1,799.88,29.65,2021-10-15
1,793.26,29.97,2021-10-16
1,769.39,40.05,2021-10-17
1,717.28,41.17,2021-10-18
1,717.28,33.95,2021-10-19
1,701.03,41.35,2021-10-20
1,749.82,34.15,2021-10-21
1,705.55,37.95,2021-10-22
1,747.85,31.91,2021-10-23
1,776.41,42.07,2021-10-24
1,705.33,41.99,2021-10-25
1,751.53,29.63,2021-10-26
1,774.56,43.7,2021-10-27
1,757.85,27.99,2021-10-28
1,771.86,26.71,2021-10-29
1,700.73,29.9,2021-10-30
1,712.73,41.38,2021-10-31
1,766.14,41.95,2021-11-01
1,770.54,44.99,2021-11-02
1,754.52,32.87,2021-11-03
1,796.33,36.42,2021-11-04
1,773.69,28.51,2021-11-05
1,799.02,27.28,2021-11-06
1,758.13,25.07,2021-11-07
1,794.17,41.16,2021-11-08
1,791.1,40.35,2021-11-09
1,700.18,26.2,2021-11-10
1,732.21,42.48,2021-11-11
1,720.23,27.59,2021-11-12
1,766.92,29.46,2021-11-13
1,723.52,30.08,2021-11-14
1,745.16,30.11,2021-11-15
1,785.25,38.5,2021-11-16
1,713.46,40.19,2021-11-17
1,757.51,28.82,2021-11-18
1,733.53,42.62,2021-11-19
1,775.68,29.49,2021-11-20
1,774.1,43.38,2021-11-21
1,728.37,40.16,2021-11-22
1,757.8,44.04,2021-11-23
1,732.46,39.64,2021-11-24
1,753.0,32.68,2021-11-25
1,734.74,33.56,2021-11-26
1,765.3,32.81,2021-11-27
1,708.91,41.3,2021-11-28
1,701.07,43.36,2021-11-29
1,735.19,33.9,2021-11-30
1,761.08,42.28,2021-12-01
1,769.0,42.1,2021-12-02
1,705.29,34.88,2021-12-03
1,731.9,38.9,2021-12-04
1,704.58,31.1,2021-12-05
1,790.74,31.39,2021-12-06
1,777.81,33.03,2021-12-07
1,752.57,31.41,2021-12-08
1,742.04,34.94,2021-12-09
1,769.57,43.29,2021-12-10
1,723.23,39.44,2021-12-11
1,742.31,30.71,2021-12-12
1,738.43,38.31,2021-12-13
1,709.53,29.85,2021-12-14
1,701.62,25.7,2021-12-15
1,764.36,40.12,2021-12-16
1,716.48,25.06,2021-12-17
1,744.36,39.49,2021-12-18
1,776.28,36.77,2021-12-19
1,702.26,33.47,2021-12-20
1,769.49,25.72,2021-12-21
1,784.09,43.04,2021-12-22
1,796.8,43.11,2021-12-23
1,744.27,30.87,2021-12-24
1,715.74,42.76,2021-12-25
1,712.61,26.46,2021-12-26
1,742.05,33.15,2021-12-27
1,789.0,29.93,2021-12-28
1,732.37,26.93,2021-12-29
1,799.66,34.94,2021-12-30
1,737.9,44.87,2021-12-31
2,776.87,44.34,2021-01-01
2,709.73,30.09,2021-01-02
2,797.23,40.14,2021-01-03
2,746.21,33.26,2021-01-04
2,752.8,35.04,2021-01-05
2,756.63,39.31,2021-01-06
2,712.36,42.79,2021-01-07
2,703.8,33.17,2021-01-08
2,783.28,30.29,2021-01-09
2,748.74,29.2,2021-01-10
2,706.05,37.71,2021-01-11
2,762.14,26.76,2021-01-12
2,711.74,38.8,2021-01-13
2,760.83,41.77,2021-01-14
2,726.22,43.57,2021-01-15
2,712.74,43.97,2021-01-16
2,794.65,33.16,2021-01-17
2,774.09,43.06,2021-01-18
2,790.67,42.04,2021-01-19
2,778.64,26.02,2021-01-20
2,711.12,27.64,2021-01-21
2,724.2,34.71,2021-01-22
2,720.22,35.76,2021-01-23
2,700.15,41.54,2021-01-24
2,726.88,44.0,2021-01-25
2,764.82,26.34,2021-01-26
2,722.09,33.91,2021-01-27
2,729.37,33.71,2021-01-28
2,778.82,37.02,2021-01-29
2,743.69,30.11,2021-01-30
2,726.81,29.96,2021-01-31
2,787.04,42.22,2021-02-01
2,771.48,42.0,2021-02-02
2,793.29,31.64,2021-02-03
2,766.8,41.24,2021-02-04
2,745.18,25.27,2021-02-05
2,737.64,41.48,2021-02-06
2,784.86,38.0,2021-02-07
2,723.13,44.85,2021-02-08
2,770.3,43.85,2021-02-09
2,739.89,26.53,2021-02-10
2,772.56,36.29,2021-02-11
2,798.13,25.97,2021-02-12
2,784.23,31.58,2021-02-13
2,759.81,38.16,2021-02-14
2,720.65,41.1,2021-02-15
2,773.96,39.59,2021-02-16
2,758.06,40.15,2021-02-17
2,725.17,42.73,2021-02-18
2,719.74,27.43,2021-02-19
2,756.11,43.29,2021-02-20
2,719.38,41.84,2021-02-21
2,707.87,37.03,2021-02-22
2,721.29,43.65,2021-02-23
2,747.72,39.05,2021-02-24
2,764.43,32.31,2021-02-25
2,722.07,31.05,2021-02-26
2,727.36,42.83,2021-02-27
2,715.25,40.43,2021-02-28
2,719.0,41.83,2021-03-01
2,771.26,27.97,2021-03-02
2,731.69,43.35,2021-03-03
2,708.54,25.68,2021-03-04
2,751.64,42.06,2021-03-05
2,748.23,36.35,2021-03-06
2,739.25,36.75,2021-03-07
2,711.24,44.03,2021-03-08
2,724.32,33.64,2021-03-09
2,761.59,27.48,2021-03-10
2,782.46,31.78,2021-03-11
2,739.92,38.78,2021-03-12
2,744.9,35.78,2021-03-13
2,753.43,34.12,2021-03-14
2,776.55,43.45,2021-03-15
2,707.93,43.37,2021-03-16
2,704.39,36.05,2021-03-17
2,743.52,43.75,2021-03-18
2,780.21,35.97,2021-03-19
2,709.69,26.52,2021-03-20
2,713.2,30.05,2021-03-21
2,701.09,28.63,2021-03-22
2,733.42,28.83,2021-03-23
2,746.15,28.97,2021-03-24
2,747.0,28.84,2021-03-25
2,723.27,43.43,2021-03-26
2,787.62,41.94,2021-03-27
2,793.5,31.16,2021-03-28
2,736.28,31.26,2021-03-29
2,743.57,28.16,2021-03-30
2,780.97,35.36,2021-03-31
2,741.37,30.8,2021-04-01
2,729.77,34.17,2021-04-02
2,775.71,38.9,2021-04-03
2,743.0,33.71,2021-04-04
2,725.15,28.95,2021-04-05
2,744.29,41.85,2021-04-06
2,770.49,42.0,2021-04-07
2,737.91,38.92,2021-04-08
2,786.71,32.43,2021-04-09
2,781.94,33.19,2021-04-10
2,709.77,26.86,2021-04-11
2,781.06,35.15,2021-04-12
2,706.65,36.63,2021-04-13
2,761.02,39.82,2021-04-14
2,798.35,44.19,2021-04-15
2,711.68,34.54,2021-04-16
2,775.76,26.57,2021-04-17
2,711.68,41.31,2021-04-18
2,726.63,34.89,2021-04-19
2,773.1,43.87,2021-04-20
2,797.41,43.25,2021-04-21
2,710.05,38.48,2021-04-22
2,769.8,44.98,2021-04-23
2,788.64,29.29,2021-04-24
2,706.52,31.99,2021-04-25
2,708.12,26.51,2021-04-26
2,791.34,38.45,2021-04-27
2,782.81,43.12,2021-04-28
2,774.1,38.86,2021-04-29
2,707.41,32.03,2021-04-30
2,702.72,36.58,2021-05-01
2,729.8,40.07,2021-05-02
2,751.9,35.1,2021-05-03
2,738.32,27.3,2021-05-04
2,703.44,33.18,2021-05-05
2,742.65,36.49,2021-05-06
2,796.08,40.95,2021-05-07
2,744.74,27.76,2021-05-08
2,703.48,41.78,2021-05-09
2,733.21,42.89,2021-05-10
2,754.82,44.59,2021-05-11
2,706.3,29.32,2021-05-12
2,711.34,31.48,2021-05-13
2,795.53,37.76,2021-05-14
2,734.41,37.14,2021-05-15
2,746.7,33.42,2021-05-16
2,773.26,31.75,2021-05-17
2,790.27,32.68,2021-05-18
2,705.8,42.0,2021-05-19
2,759.2,36.02,2021-05-20
2,726.29,31.99,2021-05-21
2,762.28,31.93,2021-05-22
2,706.68,32.19,2021-05-23
2,768.03,27.46,2021-05-24
2,795.56,28.88,2021-05-25
2,734.78,31.87,2021-05-26
2,710.24,44.66,2021-05-27
2,770.73,26.07,2021-05-28
2,752.37,35.37,2021-05-29
2,769.37,33.26,2021-05-30
2,770.03,44.13,2021-05-31
2,713.02,39.49,2021-06-01
2,711.22,31.1,2021-06-02
2,742.31,40.44,2021-06-03
2,742.07,40.8,2021-06-04
2,750.84,39.33,2021-06-05
2,710.51,30.38,2021-06-06
2,769.4,41.18,2021-06-07
2,743.77,32.51,2021-06-08
2,708.38,36.17,2021-06-09
2,785.76,25.27,2021-06-10
2,782.65,30.03,2021-06-11
2,784.96,40.52,2021-06-12
2,757.55,40.16,2021-06-13
2,723.04,28.47,2021-06-14
2,763.93,34.83,2021-06-15
2,743.17,41.88,2021-06-16
2,735.89,40.6,2021-06-17
2,741.96,27.27,2021-06-18
2,778.13,39.32,2021-06-19
2,741.89,28.01,2021-06-20
2,796.88,44.92,2021-06-21
2,762.17,39.64,2021-06-22
2,799.57,35.59,2021-06-23
2,741.2,29.96,2021-06-24
2,789.57,37.12,2021-06-25
2,799.85,32.77,2021-06-26
2,738.1,40.16,2021-06-27
2,721.18,27.24,2021-06-28
2,799.6,44.02,2021-06-29
2,752.41,39.51,2021-06-30
2,765.28,35.65,2021-07-01
2,790.93,27.68,2021-07-02
2,737.45,33.25,2021-07-03
2,737.27,25.94,2021-07-04
2,773.1,29.26,2021-07-05
2,767.86,35.74,2021-07-06
2,763.21,40.88,2021-07-07
2,752.26,35.82,2021-07-08
2,766.07,34.44,2021-07-09
2,742.39,33.47,2021-07-10
2,791.3,34.06,2021-07-11
2,728.88,25.04,2021-07-12
2,709.68,42.02,2021-07-13
2,717.35,40.28,2021-07-14
2,718.77,31.54,2021-07-15
2,783.13,29.18,2021-07-16
2,788.56,32.28,2021-07-17
2,732.23,39.6,2021-07-18
2,788.75,37.93,2021-07-19
2,749.9,35.43,2021-07-20
2,722.17,43.37,2021-07-21
2,740.38,29.23,2021-07-22
2,750.89,27.52,2021-07-23
2,726.14,38.15,2021-07-24
2,740.53,30.45,2021-07-25
2,789.7,44.61,2021-07-26
2,762.43,43.87,2021-07-27
2,788.78,41.82,2021-07-28
2,769.75,43.74,2021-07-29
2,787.09,29.47,2021-07-30
2,734.26,33.74,2021-07-31
2,704.17,34.69,2021-08-01
2,756.82,31.6,2021-08-02
2,765.63,42.86,2021-08-03
2,704.2,41.92,2021-08-04
2,737.0,37.01,2021-08-05
2,752.8,26.59,2021-08-06
2,709.22,31.82,2021-08-07
2,795.27,36.23,2021-08-08
2,741.58,36.56,2021-08-09
2,763.57,44.36,2021-08-10
2,757.08,38.7,2021-08-11
2,776.93,39.43,2021-08-12
2,772.79,38.16,2021-08-13
2,766.21,36.76,2021-08-14
2,728.3,29.94,2021-08-15
2,718.55,41.4,2021-08-16
2,731.05,44.88,2021-08-17
2,743.39,39.55,2021-08-18
2,712.68,25.33,2021-08-19
2,710.31,26.65,2021-08-20
2,737.66,44.33,2021-08-21
2,717.23,26.59,2021-08-22
2,716.03,44.61,2021-08-23
2,792.74,40.12,2021-08-24
2,740.2,36.27,2021-08-25
2,787.72,42.01,2021-08-26
2,799.02,40.81,2021-08-27
2,706.41,25.26,2021-08-28
2,702.11,43.93,2021-08-29
2,781.05,33.46,2021-08-30
2,705.77,25.42,2021-08-31
2,793.68,37.92,2021-09-01
2,742.25,44.61,2021-09-02
2,718.41,41.33,2021-09-03
2,783.28,30.24,2021-09-04
2,767.91,34.95,2021-09-05
2,772.05,26.44,2021-09-06
2,784.06,38.87,2021-09-07
2,708.54,33.9,2021-09-08
2,768.64,27.91,2021-09-09
2,738.36,40.16,2021-09-10
2,724.38,40.49,2021-09-11
2,781.5,34.65,2021-09-12
2,724.31,36.7,2021-09-13
2,761.4,35.56,2021-09-14
2,770.37,39.47,2021-09-15
2,797.73,44.34,2021-09-16
2,753.64,44.8,2021-09-17
2,790.12,34.27,2021-09-18
2,793.12,35.04,2021-09-19
2,738.87,26.24,2021-09-20
2,794.03,28.5,2021-09-21
2,775.44,35.49,2021-09-22
2,744.25,25.21,2021-09-23
2,764.53,38.75,2021-09-24
2,769.96,28.51,2021-09-25
2,752.44,42.59,2021-09-26
2,746.07,28.87,2021-09-27
2,730.72,42.89,2021-09-28
2,768.61,40.08,2021-09-29
2,792.54,32.07,2021-09-30
2,739.05,38.88,2021-10-01
2,736.92,38.0,2021-10-02
2,729.86,43.89,2021-10-03
2,710.11,41.81,2021-10-04
2,719.68,43.07,2021-10-05
2,715.5,41.69,2021-10-06
2,794.68,29.75,2021-10-07
2,709.05,40.65,2021-10-08
2,737.82,39.92,2021-10-09
2,707.63,44.59,2021-10-10
2,798.2,32.67,2021-10-11
2,725.99,27.77,2021-10-12
2,799.32,36.49,2021-10-13
2,702.28,43.64,2021-10-14
2,761.84,33.96,2021-10-15
2,734.34,43.6,2021-10-16
2,721.6,40.69,2021-10-17
2,701.9,35.57,2021-10-18
2,728.85,28.16,2021-10-19
2,794.78,30.12,2021-10-20
2,776.47,34.99,2021-10-21
2,711.76,31.68,2021-10-22
2,756.12,41.74,2021-10-23
2,795.6,30.59,2021-10-24
2,718.85,25.33,2021-10-25
2,732.02,34.14,2021-10-26
2,786.74,41.02,2021-10-27
2,744.49,27.44,2021-10-28
2,792.81,33.38,2021-10-29
2,793.26,30.89,2021-10-30
2,753.25,37.32,2021-10-31
2,716.82,26.54,2021-11-01
2,714.37,34.77,2021-11-02
2,738.83,38.32,2021-11-03
2,767.31,34.64,2021-11-04
2,700.84,34.53,2021-11-05
2,782.08,38.35,2021-11-06
2,720.81,35.62,2021-11-07
2,747.0,33.73,2021-11-08
2,736.42,33.85,2021-11-09
2,792.0,44.95,2021-11-10
2,732.08,39.09,2021-11-11
2,781.7,40.55,2021-11-12
2,719.4,34.09,2021-11-13
2,728.7,34.5,2021-11-14
2,723.87,34.1,2021-11-15
2,781.44,38.54,2021-11-16
2,721.73,35.69,2021-11-17
2,744.25,32.41,2021-11-18
2,730.96,30.92,2021-11-19
2,727.57,30.39,2021-11-20
2,778.6,30.47,2021-11-21
2,721.37,35.79,2021-11-22
2,772.19,27.8,2021-11-23
2,713.04,31.8,2021-11-24
2,714.29,41.81,2021-11-25
2,762.25,27.1,2021-11-26
2,768.69,34.63,2021-11-27
2,700.99,35.59,2021-11-28
2,769.18,28.35,2021-11-29
2,707.95,33.77,2021-11-30
2,763.68,29.29,2021-12-01
2,797.99,35.07,2021-12-02
2,704.21,39.22,2021-12-03
2,708.42,27.37,2021-12-04
2,747.51,28.83,2021-12-05
2,704.73,29.1,2021-12-06
2,749.37,30.87,2021-12-07
2,741.67,44.6,2021-12-08
2,713.38,42.53,2021-12-09
2,774.73,26.03,2021-12-10
2,759.92,41.77,2021-12-11
2,728.77,36.59,2021-12-12
2,787.02,31.92,2021-12-13
2,756.05,38.02,2021-12-14
2,762.01,35.62,2021-12-15
2,745.7,30.09,2021-12-16
2,734.78,43.5,2021-12-17
2,779.96,29.45,2021-12-18
2,765.11,38.47,2021-12-19
2,787.24,35.79,2021-12-20
2,771.7,28.53,2021-12-21
2,794.29,27.13,2021-12-22
2,772.18,36.73,2021-12-23
2,786.81,26.57,2021-12-24
2,751.93,42.81,2021-12-25
2,775.7,33.46,2021-12-26
2,788.65,35.58,2021-12-27
2,700.97,40.52,2021-12-28
2,709.35,35.14,2021-12-29
2,754.18,35.38,2021-12-30
2,701.03,30.12,2021-12-31
3,789.94,44.14,2021-01-01
3,784.63,39.21,2021-01-02
3,769.41,42.13,2021-01-03
3,762.05,32.72,2021-01-04
3,720.93,39.48,2021-01-05
3,705.09,35.29,2021-01-06
3,750.48,29.17,2021-01-07
3,761.87,25.02,2021-01-08
3,764.77,41.42,2021-01-09
3,736.4,30.78,2021-01-10
3,763.36,43.47,2021-01-11
3,707.74,25.87,2021-01-12
3,737.87,29.86,2021-01-13
3,715.61,34.95,2021-01-14
3,717.79,44.6,2021-01-15
3,766.55,27.93,2021-01-16
3,725.0,36.59,2021-01-17
3,784.17,39.65,2021-01-18
3,731.22,42.49,2021-01-19
3,792.41,41.2,2021-01-20
3,739.46,38.67,2021-01-21
3,752.65,39.88,2021-01-22
3,727.44,39.9,2021-01-23
3,789.27,29.37,2021-01-24
3,795.91,30.77,2021-01-25
3,721.06,28.13,2021-01-26
3,744.34,41.23,2021-01-27
3,719.37,27.01,2021-01-28
3,790.67,34.22,2021-01-29
3,733.91,37.65,2021-01-30
3,708.54,26.25,2021-01-31
3,796.96,28.06,2021-02-01
3,740.71,39.69,2021-02-02
3,705.13,32.87,2021-02-03
3,724.36,39.35,2021-02-04
3,701.43,25.36,2021-02-05
3,770.47,33.48,2021-02-06
3,729.7,42.69,2021-02-07
3,725.5,25.93,2021-02-08
3,784.11,29.97,2021-02-09
3,766.03,44.17,2021-02-10
3,790.54,25.89,2021-02-11
3,753.95,25.47,2021-02-12
3,745.19,35.34,2021-02-13
3,781.82,31.57,2021-02-14
3,742.89,42.3,2021-02-15
3,765.28,42.56,2021-02-16
3,715.28,42.27,2021-02-17
3,742.16,25.3,2021-02-18
3,722.61,42.87,2021-02-19
3,782.66,32.89,2021-02-20
3,716.91,25.92,2021-02-21
3,798.39,39.67,2021-02-22
3,797.77,29.12,2021-02-23
3,726.08,28.34,2021-02-24
3,716.53,37.19,2021-02-25
3,726.6,43.89,2021-02-26
3,774.17,41.38,2021-02-27
3,719.15,28.74,2021-02-28
3,751.8,44.26,2021-03-01
3,749.58,38.21,2021-03-02
3,721.61,31.55,2021-03-03
3,726.6,38.95,2021-03-04
3,747.59,25.43,2021-03-05
3,746.75,42.4,2021-03-06
3,761.05,34.63,2021-03-07
3,772.5,43.86,2021-03-08
3,797.46,39.48,2021-03-09
3,772.76,36.01,2021-03-10
3,743.66,43.6,2021-03-11
3,706.8,43.1,2021-03-12
3,772.68,39.15,2021-03-13
3,761.85,41.94,2021-03-14
3,719.13,39.93,2021-03-15
3,739.71,42.66,2021-03-16
3,788.15,41.61,2021-03-17
3,772.86,33.07,2021-03-18
3,707.38,29.41,2021-03-19
3,714.26,33.25,2021-03-20
3,742.09,43.89,2021-03-21
3,779.2,33.93,2021-03-22
3,766.13,33.62,2021-03-23
3,704.13,39.57,2021-03-24
3,758.72,37.26,2021-03-25
3,704.54,34.42,2021-03-26
3,713.09,38.77,2021-03-27
3,761.05,30.09,2021-03-28
3,759.28,37.8,2021-03-29
3,712.55,40.2,2021-03-30
3,799.03,30.34,2021-03-31
3,786.89,43.24,2021-04-01
3,735.8,30.36,2021-04-02
3,711.95,32.79,2021-04-03
3,797.81,35.21,2021-04-04
3,787.46,39.76,2021-04-05
3,779.8,44.21,2021-04-06
3,797.14,26.97,2021-04-07
3,711.94,39.46,2021-04-08
3,762.96,38.71,2021-04-09
3,704.87,37.35,2021-04-10
3,746.94,28.32,2021-04-11
3,792.5,31.69,2021-04-12
3,750.54,32.25,2021-04-13
3,714.86,27.62,2021-04-14
3,783.45,26.54,2021-04-15
3,719.01,34.82,2021-04-16
3,726.57,37.43,2021-04-17
3,780.19,34.34,2021-04-18
3,794.59,34.47,2021-04-19
3,754.56,36.35,2021-04-20
3,700.27,37.98,2021-04-21
3,703.96,30.76,2021-04-22
3,745.62,42.34,2021-04-23
3,710.56,35.77,2021-04-24
3,724.59,44.33,2021-04-25
3,712.1,35.18,2021-04-26
3,725.93,30.94,2021-04-27
3,772.23,35.8,2021-04-28
3,739.35,37.36,2021-04-29
3,730.86,34.68,2021-04-30
3,735.66,34.43,2021-05-01
3,775.15,37.33,2021-05-02
3,752.48,44.7,2021-05-03
3,759.29,36.4,2021-05-04
3,758.09,31.99,2021-05-05
3,771.12,41.82,2021-05-06
3,702.57,35.36,2021-05-07
3,742.02,27.82,2021-05-08
3,795.31,32.18,2021-05-09
3,768.11,39.31,2021-05-10
3,769.01,26.09,2021-05-11
3,706.03,33.29,2021-05-12
3,769.07,37.2,2021-05-13
3,719.37,33.4,2021-05-14
3,770.44,33.54,2021-05-15
3,726.84,29.74,2021-05-16
3,734.4,30.54,2021-05-17
3,786.98,42.31,2021-05-18
3,744.18,41.39,2021-05-19
3,780.76,28.26,2021-05-20
3,706.9,43.82,2021-05-21
3,780.8,35.61,2021-05-22
3,789.06,37.06,2021-05-23
3,712.75,25.4,2021-05-24
3,755.93,39.35,2021-05-25
3,717.54,34.47,2021-05-26
3,766.45,27.49,2021-05-27
3,763.03,25.29,2021-05-28
3,784.78,44.33,2021-05-29
3,740.55,44.02,2021-05-30
3,766.45,29.79,2021-05-31
3,748.15,41.42,2021-06-01
3,720.65,29.16,2021-06-02
3,738.93,33.92,2021-06-03
3,709.48,38.49,2021-06-04
3,786.68,28.38,2021-06-05
3,704.3,35.82,2021-06-06
3,753.39,26.1,2021-06-07
3,708.55,41.85,2021-06-08
3,700.39,27.35,2021-06-09
3,779.89,40.94,2021-06-10
3,784.7,36.54,2021-06-11
3,720.27,41.67,2021-06-12
3,775.3,32.51,2021-06-13
3,728.13,34.17,2021-06-14
3,798.72,41.89,2021-06-15
3,730.13,32.11,2021-06-16
3,718.39,32.07,2021-06-17
3,736.58,37.98,2021-06-18
3,739.46,27.85,2021-06-19
3,723.96,43.94,2021-06-20
3,713.89,27.65,2021-06-21
3,771.28,41.14,2021-06-22
3,758.2,42.05,2021-06-23
3,733.94,36.45,2021-06-24
3,745.04,34.32,2021-06-25
3,768.68,27.14,2021-06-26
3,777.5,33.78,2021-06-27
3,750.29,40.72,2021-06-28
3,759.03,43.12,2021-06-29
3,789.95,34.55,2021-06-30
3,700.06,28.12,2021-07-01
3,797.33,32.71,2021-07-02
3,772.09,38.6,2021-07-03
3,754.41,31.0,2021-07-04
3,778.56,42.25,2021-07-05
3,799.53,25.71,2021-07-06
3,716.91,42.97,2021-07-07
3,765.97,35.81,2021-07-08
3,738.24,42.96,2021-07-09
3,791.44,43.05,2021-07-10
3,746.09,42.54,2021-07-11
3,764.71,29.74,2021-07-12
3,758.1,30.87,2021-07-13
3,701.18,34.81,2021-07-14
3,790.36,40.34,2021-07-15
3,773.86,28.43,2021-07-16
3,706.8,25.4,2021-07-17
3,784.18,26.77,2021-07-18
3,755.22,31.19,2021-07-19
3,727.13,29.32,2021-07-20
3,771.52,41.66,2021-07-21
3,720.65,35.17,2021-07-22
3,719.4,36.99,2021-07-23
3,776.52,30.03,2021-07-24
3,754.15,33.33,2021-07-25
3,760.11,33.13,2021-07-26
3,773.22,36.48,2021-07-27
3,734.54,38.63,2021-07-28
3,751.02,43.77,2021-07-29
3,747.99,39.33,2021-07-30
3,721.25,30.29,2021-07-31
3,743.84,27.63,2021-08-01
3,713.3,35.75,2021-08-02
3,709.85,30.97,2021-08-03
3,756.34,42.53,2021-08-04
3,742.05,25.73,2021-08-05
3,783.99,28.36,2021-08-06
3,754.73,28.63,2021-08-07
3,778.93,43.26,2021-08-08
3,794.06,30.88,2021-08-09
3,754.93,36.31,2021-08-10
3,785.07,29.82,2021-08-11
3,777.43,31.48,2021-08-12
3,774.87,42.13,2021-08-13
3,726.7,36.65,2021-08-14
3,712.8,33.59,2021-08-15
3,793.49,42.38,2021-08-16
3,743.7,33.02,2021-08-17
3,755.1,32.38,2021-08-18
3,735.33,27.69,2021-08-19
3,753.29,34.73,2021-08-20
3,742.49,30.86,2021-08-21
3,718.38,25.01,2021-08-22
3,786.3,41.08,2021-08-23
3,759.73,37.08,2021-08-24
3,714.03,30.59,2021-08-25
3,703.17,44.71,2021-08-26
3,750.4,28.71,2021-08-27
3,799.31,37.11,2021-08-28
3,797.16,37.07,2021-08-29
3,778.84,42.69,2021-08-30
3,710.85,30.41,2021-08-31
3,776.49,36.39,2021-09-01
3,771.88,26.92,2021-09-02
3,770.0,32.9,2021-09-03
3,744.61,27.17,2021-09-04
3,707.07,41.48,2021-09-05
3,752.91,33.03,2021-09-06
3,769.25,30.87,2021-09-07
3,790.83,26.65,2021-09-08
3,725.09,29.94,2021-09-09
3,749.73,42.09,2021-09-10
3,778.92,44.28,2021-09-11
3,705.58,40.85,2021-09-12
3,730.4,42.22,2021-09-13
3,708.28,26.87,2021-09-14
3,767.92,41.49,2021-09-15
3,759.12,27.97,2021-09-16
3,792.46,41.63,2021-09-17
3,714.58,34.94,2021-09-18
3,711.07,36.26,2021-09-19
3,720.64,28.53,2021-09-20
3,787.92,37.37,2021-09-21
3,781.03,43.52,2021-09-22
3,780.64,33.63,2021-09-23
3,729.92,27.42,2021-09-24
3,780.42,42.88,2021-09-25
3,706.44,28.87,2021-09-26
3,740.47,38.49,2021-09-27
3,739.5,33.25,2021-09-28
3,713.21,31.19,2021-09-29
3,704.21,32.58,2021-09-30
3,781.64,26.7,2021-10-01
3,718.25,38.9,2021-10-02
3,738.1,28.17,2021-10-03
3,733.87,41.62,2021-10-04
3,774.98,28.18,2021-10-05
3,777.54,41.88,2021-10-06
3,771.75,44.88,2021-10-07
3,720.49,30.24,2021-10-08
3,716.78,39.99,2021-10-09
3,762.83,36.67,2021-10-10
3,752.32,26.54,2021-10-11
3,748.39,28.28,2021-10-12
3,752.42,31.07,2021-10-13
3,729.77,31.9,2021-10-14
3,726.61,40.4,2021-10-15
3,708.46,36.39,2021-10-16
3,742.34,37.0,2021-10-17
3,767.99,40.14,2021-10-18
3,765.14,26.99,2021-10-19
3,726.15,36.65,2021-10-20
3,708.44,27.59,2021-10-21
3,780.89,29.17,2021-10-22
3,731.24,39.6,2021-10-23
3,765.72,38.6,2021-10-24
3,776.82,42.25,2021-10-25
3,747.14,44.17,2021-10-26
3,730.47,41.61,2021-10-27
3,792.2,41.61,2021-10-28
3,780.72,42.78,2021-10-29
3,729.23,38.7,2021-10-30
3,738.7,33.42,2021-10-31
3,718.84,44.07,2021-11-01
3,703.0,30.68,2021-11-02
3,794.08,44.16,2021-11-03
3,766.87,43.22,2021-11-04
3,766.73,26.25,2021-11-05
3,775.88,27.86,2021-11-06
3,793.57,38.95,2021-11-07
3,774.53,30.54,2021-11-08
3,758.22,37.43,2021-11-09
3,740.27,33.77,2021-11-10
3,731.61,43.52,2021-11-11
3,748.37,29.52,2021-11-12
3,730.35,40.05,2021-11-13
3,729.31,37.65,2021-11-14
3,743.27,25.85,2021-11-15
3,796.1,41.66,2021-11-16
3,702.3,39.62,2021-11-17
3,774.65,41.47,2021-11-18
3,788.26,29.49,2021-11-19
3,723.08,39.12,2021-11-20
3,797.82,31.31,2021-11-21
3,717.81,37.24,2021-11-22
3,775.31,43.57,2021-11-23
3,721.7,31.84,2021-11-24
3,729.22,36.09,2021-11-25
3,788.24,38.63,2021-11-26
3,787.35,34.72,2021-11-27
3,784.47,30.91,2021-11-28
3,784.29,29.07,2021-11-29
3,792.77,26.55,2021-11-30
3,732.34,32.01,2021-12-01
3,775.13,28.08,2021-12-02
3,711.88,44.36,2021-12-03
3,788.44,26.1,2021-12-04
3,795.62,37.57,2021-12-05
3,703.33,33.27,2021-12-06
3,723.04,30.66,2021-12-07
3,722.17,30.96,2021-12-08
3,761.42,40.71,2021-12-09
3,763.43,34.26,2021-12-10
3,700.21,27.08,2021-12-11
3,741.32,39.12,2021-12-12
3,742.15,42.96,2021-12-13
3,710.31,35.5,2021-12-14
3,715.46,25.02,2021-12-15
3,799.96,39.41,2021-12-16
3,795.08,40.53,2021-12-17
3,701.66,25.18,2021-12-18
3,702.3,43.28,2021-12-19
3,717.69,36.27,2021-12-20
3,712.29,39.3,2021-12-21
3,735.06,38.77,2021-12-22
3,748.3,26.31,2021-12-23
3,728.83,31.24,2021-12-24
3,790.22,44.16,2021-12-25
3,760.29,42.74,2021-12-26
3,708.08,39.28,2021-12-27
3,779.65,44.91,2021-12-28
3,728.06,39.55,2021-12-29
3,783.98,32.31,2021-12-30
3,778.18,28.63,2021-12-31
